SampleID,rs429358,rs7412,rs6265,rs1801133,rs4680,rs1800497,rs2228570,rs9939609,rs1805007,rs1333049,Disease
PERSON_000,0,2,0,1,0,0,0,1,1,2,0
PERSON_001,2,0,0,0,0,2,0,0,0,1,1
PERSON_002,1,0,0,0,0,1,0,2,0,1,0
PERSON_003,1,0,1,2,0,0,0,1,0,1,0
PERSON_004,0,2,1,0,0,0,0,2,0,1,0
PERSON_005,0,0,2,0,0,1,1,0,1,2,0
PERSON_006,0,1,0,0,0,1,1,1,1,2,0
PERSON_007,2,1,0,0,0,0,0,0,0,1,1
PERSON_008,1,0,1,0,0,1,0,0,0,0,0
PERSON_009,1,1,0,0,1,1,0,1,2,1,1
PERSON_010,0,0,0,0,0,0,0,1,0,2,0
PERSON_011,2,1,0,1,1,0,0,2,0,0,1
PERSON_012,2,1,0,1,1,0,1,1,0,1,1
PERSON_013,0,0,2,0,0,1,0,0,1,1,0
PERSON_014,0,0,1,2,1,0,0,0,1,1,0
PERSON_015,0,1,1,0,2,0,0,1,0,0,0
PERSON_016,0,0,0,0,0,1,0,0,0,1,0
PERSON_017,1,0,0,1,0,1,2,0,1,2,1
PERSON_018,1,0,0,0,1,0,1,0,1,0,0
PERSON_019,0,0,0,2,1,1,0,0,0,0,0
PERSON_020,1,1,0,0,0,0,1,0,2,2,1
PERSON_021,0,0,1,2,0,1,0,0,0,0,0
PERSON_022,0,0,1,0,0,0,1,0,0,2,0
PERSON_023,0,0,0,1,0,0,1,0,2,1,0
PERSON_024,1,1,2,0,1,1,0,2,0,0,0
PERSON_025,1,0,1,2,0,0,0,0,1,2,1
PERSON_026,0,1,0,0,0,0,0,0,0,1,0
PERSON_027,1,0,1,0,1,1,0,1,0,1,0
PERSON_028,1,2,0,2,0,1,1,0,2,0,0
PERSON_029,0,0,0,0,0,1,0,2,0,1,0
PERSON_030,1,0,0,1,1,1,0,1,1,0,0
PERSON_031,0,0,1,1,1,0,1,0,0,0,0
PERSON_032,0,2,0,0,0,0,2,0,0,2,0
PERSON_033,2,1,0,1,0,0,0,1,0,0,1
PERSON_034,2,0,0,0,0,0,0,2,1,1,1
PERSON_035,2,1,0,2,0,2,0,0,0,0,1
PERSON_036,0,1,1,0,0,0,0,1,1,1,0
PERSON_037,0,0,1,0,0,0,2,0,0,0,0
PERSON_038,1,0,0,2,0,0,0,2,2,2,1
PERSON_039,1,0,0,1,0,2,0,0,0,1,1
PERSON_040,0,0,0,0,0,0,0,2,1,0,0
PERSON_041,1,1,0,1,0,0,0,1,1,0,0
PERSON_042,0,2,0,0,0,0,1,1,1,0,0
PERSON_043,2,1,0,0,0,1,1,0,1,1,1
PERSON_044,0,0,0,0,0,0,0,0,1,0,0
PERSON_045,1,0,1,0,1,1,0,0,1,2,1
PERSON_046,0,1,1,0,0,2,0,0,0,1,0
PERSON_047,1,1,0,0,1,0,2,0,0,0,0
PERSON_048,1,1,0,2,1,1,1,1,2,1,0
PERSON_049,0,1,1,2,0,2,0,0,1,1,0
PERSON_050,2,1,0,1,0,1,1,0,1,0,0
PERSON_051,1,0,1,0,0,0,1,2,0,0,0
PERSON_052,2,0,1,0,0,0,0,1,0,0,1
PERSON_053,2,1,0,1,1,1,2,2,0,1,1
PERSON_054,1,1,0,1,0,0,0,2,1,1,0
PERSON_055,2,0,1,0,0,1,0,0,0,1,1
PERSON_056,0,0,0,2,0,2,0,0,0,2,0
PERSON_057,0,1,0,1,0,2,0,1,0,2,0
PERSON_058,0,0,2,2,1,0,0,1,0,1,0
PERSON_059,0,0,0,1,0,0,1,0,0,2,0
PERSON_060,0,0,0,1,0,2,0,1,0,0,0
PERSON_061,0,1,1,0,2,1,1,0,1,0,0
PERSON_062,2,1,0,2,1,0,0,0,0,0,1
PERSON_063,0,0,0,1,0,2,0,0,0,0,0
PERSON_064,0,1,2,0,0,1,0,0,0,1,0
PERSON_065,1,0,0,0,0,0,0,0,0,2,1
PERSON_066,0,0,2,0,0,0,1,0,0,0,0
PERSON_067,2,1,2,1,0,0,0,1,0,0,1
PERSON_068,0,1,0,2,0,0,0,0,1,1,0
PERSON_069,2,1,0,0,0,0,0,0,0,2,1
PERSON_070,1,1,0,0,0,1,1,1,1,0,0
PERSON_071,0,0,0,0,1,0,2,2,1,1,0
PERSON_072,0,0,0,2,0,0,1,1,1,0,0
PERSON_073,2,0,1,1,0,0,0,1,0,0,1
PERSON_074,1,0,0,1,0,0,0,1,0,2,1
PERSON_075,1,0,0,0,2,2,0,0,0,2,1
PERSON_076,1,2,1,0,0,0,0,0,0,0,0
PERSON_077,0,0,0,0,0,0,0,0,2,2,0
PERSON_078,0,1,1,0,2,1,0,0,0,1,0
PERSON_079,0,1,0,1,1,0,0,0,0,2,0
PERSON_080,2,1,0,1,1,0,0,1,1,1,1
PERSON_081,1,0,1,2,0,0,1,0,1,1,0
PERSON_082,0,0,1,2,0,0,0,0,0,1,0
PERSON_083,0,0,1,0,1,0,0,0,0,1,0
PERSON_084,0,0,1,1,2,0,1,1,0,0,0
PERSON_085,0,1,1,2,0,0,0,0,0,0,0
PERSON_086,1,0,0,1,0,2,1,1,0,0,0
PERSON_087,1,0,0,0,0,0,0,0,0,1,0
PERSON_088,2,1,1,0,1,0,0,0,0,0,1
PERSON_089,1,0,1,0,0,1,1,0,0,1,0
PERSON_090,0,2,2,2,0,0,1,1,0,2,0
PERSON_091,1,2,0,1,0,1,1,0,0,0,0
PERSON_092,1,2,0,0,0,0,0,1,0,1,0
PERSON_093,1,0,1,1,0,2,0,0,1,1,0
PERSON_094,1,0,0,1,0,0,0,0,1,2,1
PERSON_095,1,2,2,0,1,0,0,1,0,0,0
PERSON_096,1,0,1,0,0,0,2,1,0,1,1
PERSON_097,1,2,0,1,0,2,0,1,0,2,1
PERSON_098,0,2,1,0,0,0,2,1,1,2,0
PERSON_099,0,1,1,1,0,0,0,1,1,1,0
PERSON_100,0,0,0,0,0,0,0,1,0,1,0
PERSON_101,1,0,2,1,0,1,0,1,2,1,0
PERSON_102,0,1,0,0,0,0,1,1,0,2,0
PERSON_103,1,0,1,0,0,1,1,1,0,1,0
PERSON_104,2,0,0,1,0,0,1,1,1,0,1
PERSON_105,0,0,1,0,2,0,1,1,1,2,0
PERSON_106,1,2,0,0,0,0,1,0,1,1,0
PERSON_107,1,1,0,0,1,0,1,1,1,1,0
PERSON_108,0,0,2,1,0,0,0,1,0,0,0
PERSON_109,0,0,0,1,1,0,0,0,1,1,0
PERSON_110,0,1,0,1,1,1,0,1,0,0,0
PERSON_111,0,2,2,0,0,0,2,0,1,1,0
PERSON_112,2,0,2,0,0,0,2,0,0,0,1
PERSON_113,2,0,0,0,0,0,0,1,1,1,1
PERSON_114,1,1,1,0,0,0,1,0,0,2,1
PERSON_115,2,1,0,0,2,0,2,1,1,0,1
PERSON_116,2,1,0,0,1,0,0,1,0,2,1
PERSON_117,0,1,0,0,2,0,0,0,1,1,0
PERSON_118,2,0,1,2,0,1,2,0,0,2,1
PERSON_119,1,0,1,0,1,2,0,0,0,1,0
PERSON_120,2,1,1,0,2,0,1,1,0,1,1
PERSON_121,2,1,1,1,0,0,0,2,0,1,1
PERSON_122,0,1,0,0,0,1,2,1,1,2,0
PERSON_123,0,2,0,1,1,0,2,0,0,1,0
PERSON_124,0,0,0,1,0,0,2,1,2,0,0
PERSON_125,1,0,0,2,1,0,0,0,0,1,0
PERSON_126,2,1,0,0,0,1,1,1,0,2,1
PERSON_127,2,1,1,2,1,1,1,0,1,1,1
PERSON_128,0,1,0,0,0,0,0,1,1,1,0
PERSON_129,1,1,0,0,0,0,1,0,0,1,0
PERSON_130,1,1,0,0,0,0,0,2,0,2,1
PERSON_131,0,0,1,2,1,1,0,0,1,0,0
PERSON_132,0,0,1,0,1,0,0,1,0,1,0
PERSON_133,0,0,0,0,0,0,0,2,2,0,0
PERSON_134,2,0,0,1,0,1,0,0,2,0,1
PERSON_135,0,0,1,0,1,0,1,2,1,0,0
PERSON_136,1,0,0,0,0,1,0,1,0,0,0
PERSON_137,1,0,1,0,1,0,1,0,1,1,0
PERSON_138,0,0,1,0,0,0,0,0,0,0,0
PERSON_139,2,0,0,0,0,0,0,1,0,1,1
PERSON_140,2,0,0,0,0,1,0,0,0,0,1
PERSON_141,0,0,2,1,0,1,1,0,0,0,0
PERSON_142,1,1,0,0,1,1,0,0,1,0,0
PERSON_143,0,0,0,0,0,0,1,1,1,0,0
PERSON_144,0,0,1,1,0,1,1,0,1,1,0
PERSON_145,0,0,2,0,1,0,1,1,0,1,0
PERSON_146,1,1,2,1,0,0,0,2,0,1,0
PERSON_147,1,0,1,0,0,1,0,2,0,1,0
PERSON_148,0,1,0,0,2,0,1,1,2,0,0
PERSON_149,0,0,0,0,1,0,0,0,0,2,0
